{"cameraMode":{"drawMode":0,"name":"Shaded","section":"Shading Mode"},"sceneLighting":true,"audioPlay":false,"sceneViewState":{"m_AlwaysRefresh":false,"showFog":true,"showSkybox":true,"showFlares":true,"showImageEffects":true,"showParticleSystems":true,"showVisualEffectGraphs":true,"m_FxEnabled":true},"in2DMode":false,"pivot":{"x":8.383491516113282,"y":0.08316409587860108,"z":-7.184678554534912},"rotation":{"x":0.01832628808915615,"y":0.9426587224006653,"z":-0.052358247339725497,"w":0.3292127847671509},"size":5.503019332885742,"orthographic":false}