{"cameraMode":{"drawMode":0,"name":"Shaded","section":"Shading Mode"},"sceneLighting":true,"audioPlay":false,"sceneViewState":{"m_AlwaysRefresh":false,"showFog":true,"showSkybox":true,"showFlares":true,"showImageEffects":true,"showParticleSystems":true,"showVisualEffectGraphs":true,"m_FxEnabled":true},"in2DMode":false,"pivot":{"x":-0.3053165674209595,"y":1.7280031442642213,"z":3.7817015647888185},"rotation":{"x":0.030901918187737466,"y":-0.6046813726425171,"z":-0.02379029244184494,"w":-0.7957315444946289},"size":0.37511536478996279,"orthographic":false}