{"cameraMode":{"drawMode":0,"name":"Shaded","section":"Shading Mode"},"sceneLighting":true,"audioPlay":false,"sceneViewState":{"m_AlwaysRefresh":false,"showFog":true,"showSkybox":true,"showFlares":true,"showImageEffects":true,"showParticleSystems":true,"showVisualEffectGraphs":true,"m_FxEnabled":true},"in2DMode":false,"pivot":{"x":11.239072799682618,"y":0.09377431869506836,"z":-5.462785243988037},"rotation":{"x":0.02779398486018181,"y":0.9262705445289612,"z":-0.06958631426095963,"w":0.3694225549697876},"size":4.630687236785889,"orthographic":false}