{"cameraMode":{"drawMode":0,"name":"Shaded","section":"Shading Mode"},"sceneLighting":true,"audioPlay":false,"sceneViewState":{"m_AlwaysRefresh":false,"showFog":true,"showSkybox":true,"showFlares":true,"showImageEffects":true,"showParticleSystems":true,"showVisualEffectGraphs":true,"m_FxEnabled":true},"in2DMode":false,"pivot":{"x":3.87807559967041,"y":2.625955820083618,"z":0.42435312271118166},"rotation":{"x":0.002434379421174526,"y":0.9975266456604004,"z":0.05541869252920151,"w":-0.04341777786612511},"size":2.2716596126556398,"orthographic":false}