{"cameraMode":{"drawMode":0,"name":"Shaded","section":"Shading Mode"},"sceneLighting":true,"audioPlay":false,"sceneViewState":{"m_AlwaysRefresh":false,"showFog":true,"showSkybox":true,"showFlares":true,"showImageEffects":true,"showParticleSystems":true,"showVisualEffectGraphs":true,"m_FxEnabled":true},"in2DMode":false,"pivot":{"x":3.7261414527893068,"y":-1.9262020587921143,"z":-1.5067851543426514},"rotation":{"x":-0.14987623691558839,"y":-0.8289116024971008,"z":0.26461777091026308,"w":-0.46954625844955447},"size":3.970029830932617,"orthographic":false}