{"cameraMode":{"drawMode":0,"name":"Shaded","section":"Shading Mode"},"sceneLighting":true,"audioPlay":false,"sceneViewState":{"m_AlwaysRefresh":false,"showFog":true,"showSkybox":true,"showFlares":true,"showImageEffects":true,"showParticleSystems":true,"showVisualEffectGraphs":true,"m_FxEnabled":true},"in2DMode":false,"pivot":{"x":11.887744903564454,"y":-2.3266677856445314,"z":0.11325931549072266},"rotation":{"x":0.11084795743227005,"y":0.7383167147636414,"z":-0.12519527971744538,"w":0.6534461379051209},"size":5.503019332885742,"orthographic":false}