{"cameraMode":{"drawMode":0,"name":"Shaded","section":"Shading Mode"},"sceneLighting":true,"audioPlay":false,"sceneViewState":{"m_AlwaysRefresh":false,"showFog":true,"showSkybox":true,"showFlares":true,"showImageEffects":true,"showParticleSystems":true,"showVisualEffectGraphs":true,"m_FxEnabled":true},"in2DMode":false,"pivot":{"x":9.346969604492188,"y":-2.1242685317993166,"z":0.9186528921127319},"rotation":{"x":0.13539279997348786,"y":0.6865885257720947,"z":-0.13237802684307099,"w":0.7019950151443481},"size":5.992044448852539,"orthographic":false}