{"cameraMode":{"drawMode":0,"name":"Shaded","section":"Shading Mode"},"sceneLighting":false,"audioPlay":false,"sceneViewState":{"m_AlwaysRefresh":false,"showFog":true,"showSkybox":false,"showFlares":true,"showImageEffects":true,"showParticleSystems":true,"showVisualEffectGraphs":true,"m_FxEnabled":true},"in2DMode":false,"pivot":{"x":-0.010300850495696068,"y":0.01729213446378708,"z":0.005988016724586487},"rotation":{"x":-0.1795397400856018,"y":-0.3692205548286438,"z":0.07294657826423645,"w":-0.9090579748153687},"size":0.14092615246772767,"orthographic":false}